QueryId,DocumentId
10001,1
10001,2
10001,3
10001,4
10001,5
10001,6
10001,7
10001,8
10001,9
10001,10
10002,1
10002,2
10002,3
10002,4
10002,5
10002,6
10002,7
10002,8
10002,9
10002,10
10003,1
10003,2
10003,3
10003,4
10003,5
10003,6
10003,7
10003,8
10003,9
10003,10
10004,1
10004,2
10004,3
10004,4
10004,5
10004,6
10004,7
10004,8
10004,9
10004,10
10005,1
10005,2
10005,3
10005,4
10005,5
10005,6
10005,7
10005,8
10005,9
10005,10
10006,1
10006,2
10006,3
10006,4
10006,5
10006,6
10006,7
10006,8
10006,9
10006,10
10007,1
10007,2
10007,3
10007,4
10007,5
10007,6
10007,7
10007,8
10007,9
10007,10
10008,1
10008,2
10008,3
10008,4
10008,5
10008,6
10008,7
10008,8
10008,9
10008,10
10009,1
10009,2
10009,3
10009,4
10009,5
10009,6
10009,7
10009,8
10009,9
10009,10
10010,1
10010,2
10010,3
10010,4
10010,5
10010,6
10010,7
10010,8
10010,9
10010,10
10011,1
10011,2
10011,3
10011,4
10011,5
10011,6
10011,7
10011,8
10011,9
10011,10
10012,1
10012,2
10012,3
10012,4
10012,5
10012,6
10012,7
10012,8
10012,9
10012,10
10013,1
10013,2
10013,3
10013,4
10013,5
10013,6
10013,7
10013,8
10013,9
10013,10
10014,1
10014,2
10014,3
10014,4
10014,5
10014,6
10014,7
10014,8
10014,9
10014,10
10016,1
10016,2
10016,3
10016,4
10016,5
10016,6
10016,7
10016,8
10016,9
10016,10
10017,1
10017,2
10017,3
10017,4
10017,5
10017,6
10017,7
10017,8
10017,9
10017,10
10018,1
10018,2
10018,3
10018,4
10018,5
10018,6
10018,7
10018,8
10018,9
10018,10
10019,1
10019,2
10019,3
10019,4
10019,5
10019,6
10019,7
10019,8
10019,9
10019,10
10020,1
10020,2
10020,3
10020,4
10020,5
10020,6
10020,7
10020,8
10020,9
10020,10
10021,1
10021,2
10021,3
10021,4
10021,5
10021,6
10021,7
10021,8
10021,9
10021,10
10022,1
10022,2
10022,3
10022,4
10022,5
10022,6
10022,7
10022,8
10022,9
10022,10
10023,1
10023,2
10023,3
10023,4
10023,5
10023,6
10023,7
10023,8
10023,9
10023,10
10024,1
10024,2
10024,3
10024,4
10024,5
10024,6
10024,7
10024,8
10024,9
10024,10
10025,1
10025,2
10025,3
10025,4
10025,5
10025,6
10025,7
10025,8
10025,9
10025,10
10026,1
10026,2
10026,3
10026,4
10026,5
10026,6
10026,7
10026,8
10026,9
10026,10
10027,1
10027,2
10027,3
10027,4
10027,5
10027,6
10027,7
10027,8
10027,9
10027,10
10028,1
10028,2
10028,3
10028,4
10028,5
10028,6
10028,7
10028,8
10028,9
10028,10
10029,1
10029,2
10029,3
10029,4
10029,5
10029,6
10029,7
10029,8
10029,9
10029,10
10030,1
10030,2
10030,3
10030,4
10030,5
10030,6
10030,7
10030,8
10030,9
10030,10
10031,1
10031,2
10031,3
10031,4
10031,5
10031,6
10031,7
10031,8
10031,9
10031,10
10032,1
10032,2
10032,3
10032,4
10032,5
10032,6
10032,7
10032,8
10032,9
10032,10
10033,1
10033,2
10033,3
10033,4
10033,5
10033,6
10033,7
10033,8
10033,9
10033,10
10034,1
10034,2
10034,3
10034,4
10034,5
10034,6
10034,7
10034,8
10034,9
10034,10
10035,1
10035,2
10035,3
10035,4
10035,5
10035,6
10035,7
10035,8
10035,9
10035,10
10037,1
10037,2
10037,3
10037,4
10037,5
10037,6
10037,7
10037,8
10037,9
10037,10
10038,1
10038,2
10038,3
10038,4
10038,5
10038,6
10038,7
10038,8
10038,9
10038,10
10039,1
10039,2
10039,3
10039,4
10039,5
10039,6
10039,7
10039,8
10039,9
10039,10
10040,1
10040,2
10040,3
10040,4
10040,5
10040,6
10040,7
10040,8
10040,9
10040,10
10041,1
10041,2
10041,3
10041,4
10041,5
10041,6
10041,7
10041,8
10041,9
10041,10
10042,1
10042,2
10042,3
10042,4
10042,5
10042,6
10042,7
10042,8
10042,9
10042,10
10043,1
10043,2
10043,3
10043,4
10043,5
10043,6
10043,7
10043,8
10043,9
10043,10
10044,1
10044,2
10044,3
10044,4
10044,5
10044,6
10044,7
10044,8
10044,9
10044,10
10045,1
10045,2
10045,3
10045,4
10045,5
10045,6
10045,7
10045,8
10045,9
10045,10
10046,1
10046,2
10046,3
10046,4
10046,5
10046,6
10046,7
10046,8
10046,9
10046,10
10047,1
10047,2
10047,3
10047,4
10047,5
10047,6
10047,7
10047,8
10047,9
10047,10
10048,1
10048,2
10048,3
10048,4
10048,5
10048,6
10048,7
10048,8
10048,9
10048,10
10049,1
10049,2
10049,3
10049,4
10049,5
10049,6
10049,7
10049,8
10049,9
10049,10
10050,1
10050,2
10050,3
10050,4
10050,5
10050,6
10050,7
10050,8
10050,9
10050,10
10051,1
10051,2
10051,3
10051,4
10051,5
10051,6
10051,7
10051,8
10051,9
10051,10
10052,1
10052,2
10052,3
10052,4
10052,5
10052,6
10052,7
10052,8
10052,9
10052,10
10053,1
10053,2
10053,3
10053,4
10053,5
10053,6
10053,7
10053,8
10053,9
10053,10
10054,1
10054,2
10054,3
10054,4
10054,5
10054,6
10054,7
10054,8
10054,9
10054,10
10055,1
10055,2
10055,3
10055,4
10055,5
10055,6
10055,7
10055,8
10055,9
10055,10
10056,1
10056,2
10056,3
10056,4
10056,5
10056,6
10056,7
10056,8
10056,9
10056,10
10057,1
10057,2
10057,3
10057,4
10057,5
10057,6
10057,7
10057,8
10057,9
10057,10
10058,1
10058,2
10058,3
10058,4
10058,5
10058,6
10058,7
10058,8
10058,9
10058,10
10059,1
10059,2
10059,3
10059,4
10059,5
10059,6
10059,7
10059,8
10059,9
10059,10
10060,1
10060,2
10060,3
10060,4
10060,5
10060,6
10060,7
10060,8
10060,9
10060,10
10061,1
10061,2
10061,3
10061,4
10061,5
10061,6
10061,7
10061,8
10061,9
10061,10
10063,1
10063,2
10063,3
10063,4
10063,5
10063,6
10063,7
10063,8
10063,9
10063,10
10065,1
10065,2
10065,3
10065,4
10065,5
10065,6
10065,7
10065,8
10065,9
10065,10
10066,1
10066,2
10066,3
10066,4
10066,5
10066,6
10066,7
10066,8
10066,9
10066,10
10067,1
10067,2
10067,3
10067,4
10067,5
10067,6
10067,7
10067,8
10067,9
10067,10
10068,1
10068,2
10068,3
10068,4
10068,5
10068,6
10068,7
10068,8
10068,9
10068,10
10069,1
10069,2
10069,3
10069,4
10069,5
10069,6
10069,7
10069,8
10069,9
10069,10
10071,1
10071,2
10071,3
10071,4
10071,5
10071,6
10071,7
10071,8
10071,9
10071,10
10072,1
10072,2
10072,3
10072,4
10072,5
10072,6
10072,7
10072,8
10072,9
10072,10
10073,1
10073,2
10073,3
10073,4
10073,5
10073,6
10073,7
10073,8
10073,9
10073,10
10074,1
10074,2
10074,3
10074,4
10074,5
10074,6
10074,7
10074,8
10074,9
10074,10
10075,1
10075,2
10075,3
10075,4
10075,5
10075,6
10075,7
10075,8
10075,9
10075,10
10076,1
10076,2
10076,3
10076,4
10076,5
10076,6
10076,7
10076,8
10076,9
10076,10
10077,1
10077,2
10077,3
10077,4
10077,5
10077,6
10077,7
10077,8
10077,9
10077,10
10078,1
10078,2
10078,3
10078,4
10078,5
10078,6
10078,7
10078,8
10078,9
10078,10
10079,1
10079,2
10079,3
10079,4
10079,5
10079,6
10079,7
10079,8
10079,9
10079,10
10080,1
10080,2
10080,3
10080,4
10080,5
10080,6
10080,7
10080,8
10080,9
10080,10
10082,1
10082,2
10082,3
10082,4
10082,5
10082,6
10082,7
10082,8
10082,9
10082,10
10083,1
10083,2
10083,3
10083,4
10083,5
10083,6
10083,7
10083,8
10083,9
10083,10
10084,1
10084,2
10084,3
10084,4
10084,5
10084,6
10084,7
10084,8
10084,9
10084,10
10085,1
10085,2
10085,3
10085,4
10085,5
10085,6
10085,7
10085,8
10085,9
10085,10
10086,1
10086,2
10086,3
10086,4
10086,5
10086,6
10086,7
10086,8
10086,9
10086,10
10087,1
10087,2
10087,3
10087,4
10087,5
10087,6
10087,7
10087,8
10087,9
10087,10
10088,1
10088,2
10088,3
10088,4
10088,5
10088,6
10088,7
10088,8
10088,9
10088,10
10089,1
10089,2
10089,3
10089,4
10089,5
10089,6
10089,7
10089,8
10089,9
10089,10
10090,1
10090,2
10090,3
10090,4
10090,5
10090,6
10090,7
10090,8
10090,9
10090,10
10091,1
10091,2
10091,3
10091,4
10091,5
10091,6
10091,7
10091,8
10091,9
10091,10
10093,1
10093,2
10093,3
10093,4
10093,5
10093,6
10093,7
10093,8
10093,9
10093,10
10094,1
10094,2
10094,3
10094,4
10094,5
10094,6
10094,7
10094,8
10094,9
10094,10
10095,1
10095,2
10095,3
10095,4
10095,5
10095,6
10095,7
10095,8
10095,9
10095,10
10096,1
10096,2
10096,3
10096,4
10096,5
10096,6
10096,7
10096,8
10096,9
10096,10
10097,1
10097,2
10097,3
10097,4
10097,5
10097,6
10097,7
10097,8
10097,9
10097,10
10098,1
10098,2
10098,3
10098,4
10098,5
10098,6
10098,7
10098,8
10098,9
10098,10
10099,1
10099,2
10099,3
10099,4
10099,5
10099,6
10099,7
10099,8
10099,9
10099,10
10101,1
10101,2
10101,3
10101,4
10101,5
10101,6
10101,7
10101,8
10101,9
10101,10
10102,1
10102,2
10102,3
10102,4
10102,5
10102,6
10102,7
10102,8
10102,9
10102,10
10103,1
10103,2
10103,3
10103,4
10103,5
10103,6
10103,7
10103,8
10103,9
10103,10
10104,1
10104,2
10104,3
10104,4
10104,5
10104,6
10104,7
10104,8
10104,9
10104,10
10105,1
10105,2
10105,3
10105,4
10105,5
10105,6
10105,7
10105,8
10105,9
10105,10
10106,1
10106,2
10106,3
10106,4
10106,5
10106,6
10106,7
10106,8
10106,9
10106,10
10107,1
10107,2
10107,3
10107,4
10107,5
10107,6
10107,7
10107,8
10107,9
10107,10
10108,1
10108,2
10108,3
10108,4
10108,5
10108,6
10108,7
10108,8
10108,9
10108,10
10109,1
10109,2
10109,3
10109,4
10109,5
10109,6
10109,7
10109,8
10109,9
10109,10
10110,1
10110,2
10110,3
10110,4
10110,5
10110,6
10110,7
10110,8
10110,9
10110,10
10112,1
10112,2
10112,3
10112,4
10112,5
10112,6
10112,7
10112,8
10112,9
10112,10
10113,1
10113,2
10113,3
10113,4
10113,5
10113,6
10113,7
10113,8
10113,9
10113,10
10114,1
10114,2
10114,3
10114,4
10114,5
10114,6
10114,7
10114,8
10114,9
10114,10
10115,1
10115,2
10115,3
10115,4
10115,5
10115,6
10115,7
10115,8
10115,9
10115,10
10116,1
10116,2
10116,3
10116,4
10116,5
10116,6
10116,7
10116,8
10116,9
10116,10
10117,1
10117,2
10117,3
10117,4
10117,5
10117,6
10117,7
10117,8
10117,9
10117,10
10118,1
10118,2
10118,3
10118,4
10118,5
10118,6
10118,7
10118,8
10118,9
10118,10
10119,1
10119,2
10119,3
10119,4
10119,5
10119,6
10119,7
10119,8
10119,9
10119,10
10120,1
10120,2
10120,3
10120,4
10120,5
10120,6
10120,7
10120,8
10120,9
10120,10
10121,1
10121,2
10121,3
10121,4
10121,5
10121,6
10121,7
10121,8
10121,9
10121,10
10122,1
10122,2
10122,3
10122,4
10122,5
10122,6
10122,7
10122,8
10122,9
10122,10
10124,1
10124,2
10124,3
10124,4
10124,5
10124,6
10124,7
10124,8
10124,9
10124,10
10125,1
10125,2
10125,3
10125,4
10125,5
10125,6
10125,7
10125,8
10125,9
10125,10
10126,1
10126,2
10126,3
10126,4
10126,5
10126,6
10126,7
10126,8
10126,9
10126,10
10127,1
10127,2
10127,3
10127,4
10127,5
10127,6
10127,7
10127,8
10127,9
10127,10
10128,1
10128,2
10128,3
10128,4
10128,5
10128,6
10128,7
10128,8
10128,9
10128,10
10129,1
10129,2
10129,3
10129,4
10129,5
10129,6
10129,7
10129,8
10129,9
10129,10
10130,1
10130,2
10130,3
10130,4
10130,5
10130,6
10130,7
10130,8
10130,9
10130,10
10132,1
10132,2
10132,3
10132,4
10132,5
10132,6
10132,7
10132,8
10132,9
10132,10
10133,1
10133,2
10133,3
10133,4
10133,5
10133,6
10133,7
10133,8
10133,9
10133,10
10134,1
10134,2
10134,3
10134,4
10134,5
10134,6
10134,7
10134,8
10134,9
10134,10
10135,1
10135,2
10135,3
10135,4
10135,5
10135,6
10135,7
10135,8
10135,9
10135,10
10136,1
10136,2
10136,3
10136,4
10136,5
10136,6
10136,7
10136,8
10136,9
10136,10
10137,1
10137,2
10137,3
10137,4
10137,5
10137,6
10137,7
10137,8
10137,9
10137,10
10138,1
10138,2
10138,3
10138,4
10138,5
10138,6
10138,7
10138,8
10138,9
10138,10
10139,1
10139,2
10139,3
10139,4
10139,5
10139,6
10139,7
10139,8
10139,9
10139,10
10140,1
10140,2
10140,3
10140,4
10140,5
10140,6
10140,7
10140,8
10140,9
10140,10
10141,1
10141,2
10141,3
10141,4
10141,5
10141,6
10141,7
10141,8
10141,9
10141,10
10142,1
10142,2
10142,3
10142,4
10142,5
10142,6
10142,7
10142,8
10142,9
10142,10
10143,1
10143,2
10143,3
10143,4
10143,5
10143,6
10143,7
10143,8
10143,9
10143,10
10144,1
10144,2
10144,3
10144,4
10144,5
10144,6
10144,7
10144,8
10144,9
10144,10
10145,1
10145,2
10145,3
10145,4
10145,5
10145,6
10145,7
10145,8
10145,9
10145,10
10146,1
10146,2
10146,3
10146,4
10146,5
10146,6
10146,7
10146,8
10146,9
10146,10
10147,1
10147,2
10147,3
10147,4
10147,5
10147,6
10147,7
10147,8
10147,9
10147,10
10148,1
10148,2
10148,3
10148,4
10148,5
10148,6
10148,7
10148,8
10148,9
10148,10
10149,1
10149,2
10149,3
10149,4
10149,5
10149,6
10149,7
10149,8
10149,9
10149,10
10150,1
10150,2
10150,3
10150,4
10150,5
10150,6
10150,7
10150,8
10150,9
10150,10
10151,1
10151,2
10151,3
10151,4
10151,5
10151,6
10151,7
10151,8
10151,9
10151,10
10152,1
10152,2
10152,3
10152,4
10152,5
10152,6
10152,7
10152,8
10152,9
10152,10
10153,1
10153,2
10153,3
10153,4
10153,5
10153,6
10153,7
10153,8
10153,9
10153,10
10154,1
10154,2
10154,3
10154,4
10154,5
10154,6
10154,7
10154,8
10154,9
10154,10
10155,1
10155,2
10155,3
10155,4
10155,5
10155,6
10155,7
10155,8
10155,9
10155,10
10156,1
10156,2
10156,3
10156,4
10156,5
10156,6
10156,7
10156,8
10156,9
10156,10
10157,1
10157,2
10157,3
10157,4
10157,5
10157,6
10157,7
10157,8
10157,9
10157,10
10158,1
10158,2
10158,3
10158,4
10158,5
10158,6
10158,7
10158,8
10158,9
10158,10
10159,1
10159,2
10159,3
10159,4
10159,5
10159,6
10159,7
10159,8
10159,9
10159,10
10160,1
10160,2
10160,3
10160,4
10160,5
10160,6
10160,7
10160,8
10160,9
10160,10
10161,1
10161,2
10161,3
10161,4
10161,5
10161,6
10161,7
10161,8
10161,9
10161,10
10162,1
10162,2
10162,3
10162,4
10162,5
10162,6
10162,7
10162,8
10162,9
10162,10
10163,1
10163,2
10163,3
10163,4
10163,5
10163,6
10163,7
10163,8
10163,9
10163,10
10164,1
10164,2
10164,3
10164,4
10164,5
10164,6
10164,7
10164,8
10164,9
10164,10
10165,1
10165,2
10165,3
10165,4
10165,5
10165,6
10165,7
10165,8
10165,9
10165,10
10166,1
10166,2
10166,3
10166,4
10166,5
10166,6
10166,7
10166,8
10166,9
10166,10
10167,1
10167,2
10167,3
10167,4
10167,5
10167,6
10167,7
10167,8
10167,9
10167,10
10168,1
10168,2
10168,3
10168,4
10168,5
10168,6
10168,7
10168,8
10168,9
10168,10
10170,1
10170,2
10170,3
10170,4
10170,5
10170,6
10170,7
10170,8
10170,9
10170,10
10171,1
10171,2
10171,3
10171,4
10171,5
10171,6
10171,7
10171,8
10171,9
10171,10
10172,1
10172,2
10172,3
10172,4
10172,5
10172,6
10172,7
10172,8
10172,9
10172,10
10173,1
10173,2
10173,3
10173,4
10173,5
10173,6
10173,7
10173,8
10173,9
10173,10
10174,1
10174,2
10174,3
10174,4
10174,5
10174,6
10174,7
10174,8
10174,9
10174,10
10175,1
10175,2
10175,3
10175,4
10175,5
10175,6
10175,7
10175,8
10175,9
10175,10
10176,1
10176,2
10176,3
10176,4
10176,5
10176,6
10176,7
10176,8
10176,9
10176,10
10177,1
10177,2
10177,3
10177,4
10177,5
10177,6
10177,7
10177,8
10177,9
10177,10
10178,1
10178,2
10178,3
10178,4
10178,5
10178,6
10178,7
10178,8
10178,9
10178,10
10179,1
10179,2
10179,3
10179,4
10179,5
10179,6
10179,7
10179,8
10179,9
10179,10
10181,1
10181,2
10181,3
10181,4
10181,5
10181,6
10181,7
10181,8
10181,9
10181,10
10182,1
10182,2
10182,3
10182,4
10182,5
10182,6
10182,7
10182,8
10182,9
10182,10
10184,1
10184,2
10184,3
10184,4
10184,5
10184,6
10184,7
10184,8
10184,9
10184,10
10185,1
10185,2
10185,3
10185,4
10185,5
10185,6
10185,7
10185,8
10185,9
10185,10
10186,1
10186,2
10186,3
10186,4
10186,5
10186,6
10186,7
10186,8
10186,9
10186,10
10187,1
10187,2
10187,3
10187,4
10187,5
10187,6
10187,7
10187,8
10187,9
10187,10
10188,1
10188,2
10188,3
10188,4
10188,5
10188,6
10188,7
10188,8
10188,9
10188,10
10189,1
10189,2
10189,3
10189,4
10189,5
10189,6
10189,7
10189,8
10189,9
10189,10
10190,1
10190,2
10190,3
10190,4
10190,5
10190,6
10190,7
10190,8
10190,9
10190,10
10191,1
10191,2
10191,3
10191,4
10191,5
10191,6
10191,7
10191,8
10191,9
10191,10
10192,1
10192,2
10192,3
10192,4
10192,5
10192,6
10192,7
10192,8
10192,9
10192,10
10193,1
10193,2
10193,3
10193,4
10193,5
10193,6
10193,7
10193,8
10193,9
10193,10
10194,1
10194,2
10194,3
10194,4
10194,5
10194,6
10194,7
10194,8
10194,9
10194,10
10195,1
10195,2
10195,3
10195,4
10195,5
10195,6
10195,7
10195,8
10195,9
10195,10
10196,1
10196,2
10196,3
10196,4
10196,5
10196,6
10196,7
10196,8
10196,9
10196,10
10197,1
10197,2
10197,3
10197,4
10197,5
10197,6
10197,7
10197,8
10197,9
10197,10
10198,1
10198,2
10198,3
10198,4
10198,5
10198,6
10198,7
10198,8
10198,9
10198,10
10199,1
10199,2
10199,3
10199,4
10199,5
10199,6
10199,7
10199,8
10199,9
10199,10
10200,1
10200,2
10200,3
10200,4
10200,5
10200,6
10200,7
10200,8
10200,9
10200,10
10201,1
10201,2
10201,3
10201,4
10201,5
10201,6
10201,7
10201,8
10201,9
10201,10
10202,1
10202,2
10202,3
10202,4
10202,5
10202,6
10202,7
10202,8
10202,9
10202,10
10203,1
10203,2
10203,3
10203,4
10203,5
10203,6
10203,7
10203,8
10203,9
10203,10
10204,1
10204,2
10204,3
10204,4
10204,5
10204,6
10204,7
10204,8
10204,9
10204,10
10205,1
10205,2
10205,3
10205,4
10205,5
10205,6
10205,7
10205,8
10205,9
10205,10
10206,1
10206,2
10206,3
10206,4
10206,5
10206,6
10206,7
10206,8
10206,9
10206,10
10207,1
10207,2
10207,3
10207,4
10207,5
10207,6
10207,7
10207,8
10207,9
10207,10
10208,1
10208,2
10208,3
10208,4
10208,5
10208,6
10208,7
10208,8
10208,9
10208,10
10210,1
10210,2
10210,3
10210,4
10210,5
10210,6
10210,7
10210,8
10210,9
10210,10
10211,1
10211,2
10211,3
10211,4
10211,5
10211,6
10211,7
10211,8
10211,9
10211,10
10212,1
10212,2
10212,3
10212,4
10212,5
10212,6
10212,7
10212,8
10212,9
10212,10
10213,1
10213,2
10213,3
10213,4
10213,5
10213,6
10213,7
10213,8
10213,9
10213,10
10214,1
10214,2
10214,3
10214,4
10214,5
10214,6
10214,7
10214,8
10214,9
10214,10
10215,1
10215,2
10215,3
10215,4
10215,5
10215,6
10215,7
10215,8
10215,9
10215,10
10216,1
10216,2
10216,3
10216,4
10216,5
10216,6
10216,7
10216,8
10216,9
10216,10
10217,1
10217,2
10217,3
10217,4
10217,5
10217,6
10217,7
10217,8
10217,9
10217,10
10218,1
10218,2
10218,3
10218,4
10218,5
10218,6
10218,7
10218,8
10218,9
10218,10
10219,1
10219,2
10219,3
10219,4
10219,5
10219,6
10219,7
10219,8
10219,9
10219,10
10220,1
10220,2
10220,3
10220,4
10220,5
10220,6
10220,7
10220,8
10220,9
10220,10
10221,1
10221,2
10221,3
10221,4
10221,5
10221,6
10221,7
10221,8
10221,9
10221,10
10222,1
10222,2
10222,3
10222,4
10222,5
10222,6
10222,7
10222,8
10222,9
10222,10
10223,1
10223,2
10223,3
10223,4
10223,5
10223,6
10223,7
10223,8
10223,9
10223,10
10224,1
10224,2
10224,3
10224,4
10224,5
10224,6
10224,7
10224,8
10224,9
10224,10
10225,1
10225,2
10225,3
10225,4
10225,5
10225,6
10225,7
10225,8
10225,9
10225,10
10226,1
10226,2
10226,3
10226,4
10226,5
10226,6
10226,7
10226,8
10226,9
10226,10
10227,1
10227,2
10227,3
10227,4
10227,5
10227,6
10227,7
10227,8
10227,9
10227,10
10228,1
10228,2
10228,3
10228,4
10228,5
10228,6
10228,7
10228,8
10228,9
10228,10
10229,1
10229,2
10229,3
10229,4
10229,5
10229,6
10229,7
10229,8
10229,9
10229,10
10230,1
10230,2
10230,3
10230,4
10230,5
10230,6
10230,7
10230,8
10230,9
10230,10
10231,1
10231,2
10231,3
10231,4
10231,5
10231,6
10231,7
10231,8
10231,9
10231,10
10232,1
10232,2
10232,3
10232,4
10232,5
10232,6
10232,7
10232,8
10232,9
10232,10
10233,1
10233,2
10233,3
10233,4
10233,5
10233,6
10233,7
10233,8
10233,9
10233,10
10234,1
10234,2
10234,3
10234,4
10234,5
10234,6
10234,7
10234,8
10234,9
10234,10
10235,1
10235,2
10235,3
10235,4
10235,5
10235,6
10235,7
10235,8
10235,9
10235,10
10236,1
10236,2
10236,3
10236,4
10236,5
10236,6
10236,7
10236,8
10236,9
10236,10
10237,1
10237,2
10237,3
10237,4
10237,5
10237,6
10237,7
10237,8
10237,9
10237,10
10238,1
10238,2
10238,3
10238,4
10238,5
10238,6
10238,7
10238,8
10238,9
10238,10
10239,1
10239,2
10239,3
10239,4
10239,5
10239,6
10239,7
10239,8
10239,9
10239,10
10240,1
10240,2
10240,3
10240,4
10240,5
10240,6
10240,7
10240,8
10240,9
10240,10
10242,1
10242,2
10242,3
10242,4
10242,5
10242,6
10242,7
10242,8
10242,9
10242,10
10243,1
10243,2
10243,3
10243,4
10243,5
10243,6
10243,7
10243,8
10243,9
10243,10
10244,1
10244,2
10244,3
10244,4
10244,5
10244,6
10244,7
10244,8
10244,9
10244,10
10245,1
10245,2
10245,3
10245,4
10245,5
10245,6
10245,7
10245,8
10245,9
10245,10
10246,1
10246,2
10246,3
10246,4
10246,5
10246,6
10246,7
10246,8
10246,9
10246,10
10247,1
10247,2
10247,3
10247,4
10247,5
10247,6
10247,7
10247,8
10247,9
10247,10
10249,1
10249,2
10249,3
10249,4
10249,5
10249,6
10249,7
10249,8
10249,9
10249,10
10250,1
10250,2
10250,3
10250,4
10250,5
10250,6
10250,7
10250,8
10250,9
10250,10
10251,1
10251,2
10251,3
10251,4
10251,5
10251,6
10251,7
10251,8
10251,9
10251,10
10252,1
10252,2
10252,3
10252,4
10252,5
10252,6
10252,7
10252,8
10252,9
10252,10
10253,1
10253,2
10253,3
10253,4
10253,5
10253,6
10253,7
10253,8
10253,9
10253,10
10254,1
10254,2
10254,3
10254,4
10254,5
10254,6
10254,7
10254,8
10254,9
10254,10
10255,1
10255,2
10255,3
10255,4
10255,5
10255,6
10255,7
10255,8
10255,9
10255,10
10256,1
10256,2
10256,3
10256,4
10256,5
10256,6
10256,7
10256,8
10256,9
10256,10
10257,1
10257,2
10257,3
10257,4
10257,5
10257,6
10257,7
10257,8
10257,9
10257,10
10258,1
10258,2
10258,3
10258,4
10258,5
10258,6
10258,7
10258,8
10258,9
10258,10
10259,1
10259,2
10259,3
10259,4
10259,5
10259,6
10259,7
10259,8
10259,9
10259,10
10260,1
10260,2
10260,3
10260,4
10260,5
10260,6
10260,7
10260,8
10260,9
10260,10
10261,1
10261,2
10261,3
10261,4
10261,5
10261,6
10261,7
10261,8
10261,9
10261,10
10262,1
10262,2
10262,3
10262,4
10262,5
10262,6
10262,7
10262,8
10262,9
10262,10
10263,1
10263,2
10263,3
10263,4
10263,5
10263,6
10263,7
10263,8
10263,9
10263,10
10264,1
10264,2
10264,3
10264,4
10264,5
10264,6
10264,7
10264,8
10264,9
10264,10
10265,1
10265,2
10265,3
10265,4
10265,5
10265,6
10265,7
10265,8
10265,9
10265,10
10266,1
10266,2
10266,3
10266,4
10266,5
10266,6
10266,7
10266,8
10266,9
10266,10
10267,1
10267,2
10267,3
10267,4
10267,5
10267,6
10267,7
10267,8
10267,9
10267,10
10268,1
10268,2
10268,3
10268,4
10268,5
10268,6
10268,7
10268,8
10268,9
10268,10
10269,1
10269,2
10269,3
10269,4
10269,5
10269,6
10269,7
10269,8
10269,9
10269,10
10270,1
10270,2
10270,3
10270,4
10270,5
10270,6
10270,7
10270,8
10270,9
10270,10
10271,1
10271,2
10271,3
10271,4
10271,5
10271,6
10271,7
10271,8
10271,9
10271,10
10272,1
10272,2
10272,3
10272,4
10272,5
10272,6
10272,7
10272,8
10272,9
10272,10
10273,1
10273,2
10273,3
10273,4
10273,5
10273,6
10273,7
10273,8
10273,9
10273,10
10274,1
10274,2
10274,3
10274,4
10274,5
10274,6
10274,7
10274,8
10274,9
10274,10
10275,1
10275,2
10275,3
10275,4
10275,5
10275,6
10275,7
10275,8
10275,9
10275,10
10276,1
10276,2
10276,3
10276,4
10276,5
10276,6
10276,7
10276,8
10276,9
10276,10
10277,1
10277,2
10277,3
10277,4
10277,5
10277,6
10277,7
10277,8
10277,9
10277,10
10278,1
10278,2
10278,3
10278,4
10278,5
10278,6
10278,7
10278,8
10278,9
10278,10
10279,1
10279,2
10279,3
10279,4
10279,5
10279,6
10279,7
10279,8
10279,9
10279,10
10280,1
10280,2
10280,3
10280,4
10280,5
10280,6
10280,7
10280,8
10280,9
10280,10
10281,1
10281,2
10281,3
10281,4
10281,5
10281,6
10281,7
10281,8
10281,9
10281,10
10282,1
10282,2
10282,3
10282,4
10282,5
10282,6
10282,7
10282,8
10282,9
10282,10
10283,1
10283,2
10283,3
10283,4
10283,5
10283,6
10283,7
10283,8
10283,9
10283,10
10284,1
10284,2
10284,3
10284,4
10284,5
10284,6
10284,7
10284,8
10284,9
10284,10
10285,1
10285,2
10285,3
10285,4
10285,5
10285,6
10285,7
10285,8
10285,9
10285,10
10286,1
10286,2
10286,3
10286,4
10286,5
10286,6
10286,7
10286,8
10286,9
10286,10
10287,1
10287,2
10287,3
10287,4
10287,5
10287,6
10287,7
10287,8
10287,9
10287,10
10288,1
10288,2
10288,3
10288,4
10288,5
10288,6
10288,7
10288,8
10288,9
10288,10
10290,1
10290,2
10290,3
10290,4
10290,5
10290,6
10290,7
10290,8
10290,9
10290,10
10291,1
10291,2
10291,3
10291,4
10291,5
10291,6
10291,7
10291,8
10291,9
10291,10
10293,1
10293,2
10293,3
10293,4
10293,5
10293,6
10293,7
10293,8
10293,9
10293,10
10294,1
10294,2
10294,3
10294,4
10294,5
10294,6
10294,7
10294,8
10294,9
10294,10
10295,1
10295,2
10295,3
10295,4
10295,5
10295,6
10295,7
10295,8
10295,9
10295,10
10296,1
10296,2
10296,3
10296,4
10296,5
10296,6
10296,7
10296,8
10296,9
10296,10
10297,1
10297,2
10297,3
10297,4
10297,5
10297,6
10297,7
10297,8
10297,9
10297,10
10298,1
10298,2
10298,3
10298,4
10298,5
10298,6
10298,7
10298,8
10298,9
10298,10
10299,1
10299,2
10299,3
10299,4
10299,5
10299,6
10299,7
10299,8
10299,9
10299,10
10300,1
10300,2
10300,3
10300,4
10300,5
10300,6
10300,7
10300,8
10300,9
10300,10
10301,1
10301,2
10301,3
10301,4
10301,5
10301,6
10301,7
10301,8
10301,9
10301,10
10302,1
10302,2
10302,3
10302,4
10302,5
10302,6
10302,7
10302,8
10302,9
10302,10
10303,1
10303,2
10303,3
10303,4
10303,5
10303,6
10303,7
10303,8
10303,9
10303,10
10305,1
10305,2
10305,3
10305,4
10305,5
10305,6
10305,7
10305,8
10305,9
10305,10
10306,1
10306,2
10306,3
10306,4
10306,5
10306,6
10306,7
10306,8
10306,9
10306,10
10307,1
10307,2
10307,3
10307,4
10307,5
10307,6
10307,7
10307,8
10307,9
10307,10
10308,1
10308,2
10308,3
10308,4
10308,5
10308,6
10308,7
10308,8
10308,9
10308,10
10310,1
10310,2
10310,3
10310,4
10310,5
10310,6
10310,7
10310,8
10310,9
10310,10
10311,1
10311,2
10311,3
10311,4
10311,5
10311,6
10311,7
10311,8
10311,9
10311,10
10312,1
10312,2
10312,3
10312,4
10312,5
10312,6
10312,7
10312,8
10312,9
10312,10
10313,1
10313,2
10313,3
10313,4
10313,5
10313,6
10313,7
10313,8
10313,9
10313,10
10315,1
10315,2
10315,3
10315,4
10315,5
10315,6
10315,7
10315,8
10315,9
10315,10
10316,1
10316,2
10316,3
10316,4
10316,5
10316,6
10316,7
10316,8
10316,9
10316,10
10317,1
10317,2
10317,3
10317,4
10317,5
10317,6
10317,7
10317,8
10317,9
10317,10
10318,1
10318,2
10318,3
10318,4
10318,5
10318,6
10318,7
10318,8
10318,9
10318,10
10319,1
10319,2
10319,3
10319,4
10319,5
10319,6
10319,7
10319,8
10319,9
10319,10
10320,1
10320,2
10320,3
10320,4
10320,5
10320,6
10320,7
10320,8
10320,9
10320,10
10321,1
10321,2
10321,3
10321,4
10321,5
10321,6
10321,7
10321,8
10321,9
10321,10
10322,1
10322,2
10322,3
10322,4
10322,5
10322,6
10322,7
10322,8
10322,9
10322,10
10324,1
10324,2
10324,3
10324,4
10324,5
10324,6
10324,7
10324,8
10324,9
10324,10
10325,1
10325,2
10325,3
10325,4
10325,5
10325,6
10325,7
10325,8
10325,9
10325,10
10326,1
10326,2
10326,3
10326,4
10326,5
10326,6
10326,7
10326,8
10326,9
10326,10
10327,1
10327,2
10327,3
10327,4
10327,5
10327,6
10327,7
10327,8
10327,9
10327,10
10328,1
10328,2
10328,3
10328,4
10328,5
10328,6
10328,7
10328,8
10328,9
10328,10
10329,1
10329,2
10329,3
10329,4
10329,5
10329,6
10329,7
10329,8
10329,9
10329,10
10330,1
10330,2
10330,3
10330,4
10330,5
10330,6
10330,7
10330,8
10330,9
10330,10
10331,1
10331,2
10331,3
10331,4
10331,5
10331,6
10331,7
10331,8
10331,9
10331,10
10332,1
10332,2
10332,3
10332,4
10332,5
10332,6
10332,7
10332,8
10332,9
10332,10
10333,1
10333,2
10333,3
10333,4
10333,5
10333,6
10333,7
10333,8
10333,9
10333,10
10334,1
10334,2
10334,3
10334,4
10334,5
10334,6
10334,7
10334,8
10334,9
10334,10
10335,1
10335,2
10335,3
10335,4
10335,5
10335,6
10335,7
10335,8
10335,9
10335,10
10337,1
10337,2
10337,3
10337,4
10337,5
10337,6
10337,7
10337,8
10337,9
10337,10
10338,1
10338,2
10338,3
10338,4
10338,5
10338,6
10338,7
10338,8
10338,9
10338,10
10339,1
10339,2
10339,3
10339,4
10339,5
10339,6
10339,7
10339,8
10339,9
10339,10
10340,1
10340,2
10340,3
10340,4
10340,5
10340,6
10340,7
10340,8
10340,9
10340,10
10341,1
10341,2
10341,3
10341,4
10341,5
10341,6
10341,7
10341,8
10341,9
10341,10
10342,1
10342,2
10342,3
10342,4
10342,5
10342,6
10342,7
10342,8
10342,9
10342,10
10343,1
10343,2
10343,3
10343,4
10343,5
10343,6
10343,7
10343,8
10343,9
10343,10
10344,1
10344,2
10344,3
10344,4
10344,5
10344,6
10344,7
10344,8
10344,9
10344,10
10345,1
10345,2
10345,3
10345,4
10345,5
10345,6
10345,7
10345,8
10345,9
10345,10
10346,1
10346,2
10346,3
10346,4
10346,5
10346,6
10346,7
10346,8
10346,9
10346,10
10347,1
10347,2
10347,3
10347,4
10347,5
10347,6
10347,7
10347,8
10347,9
10347,10
10349,1
10349,2
10349,3
10349,4
10349,5
10349,6
10349,7
10349,8
10349,9
10349,10
10350,1
10350,2
10350,3
10350,4
10350,5
10350,6
10350,7
10350,8
10350,9
10350,10
10352,1
10352,2
10352,3
10352,4
10352,5
10352,6
10352,7
10352,8
10352,9
10352,10
10353,1
10353,2
10353,3
10353,4
10353,5
10353,6
10353,7
10353,8
10353,9
10353,10
10354,1
10354,2
10354,3
10354,4
10354,5
10354,6
10354,7
10354,8
10354,9
10354,10
10355,1
10355,2
10355,3
10355,4
10355,5
10355,6
10355,7
10355,8
10355,9
10355,10
10356,1
10356,2
10356,3
10356,4
10356,5
10356,6
10356,7
10356,8
10356,9
10356,10
10357,1
10357,2
10357,3
10357,4
10357,5
10357,6
10357,7
10357,8
10357,9
10357,10
10358,1
10358,2
10358,3
10358,4
10358,5
10358,6
10358,7
10358,8
10358,9
10358,10
10359,1
10359,2
10359,3
10359,4
10359,5
10359,6
10359,7
10359,8
10359,9
10359,10
10360,1
10360,2
10360,3
10360,4
10360,5
10360,6
10360,7
10360,8
10360,9
10360,10
10361,1
10361,2
10361,3
10361,4
10361,5
10361,6
10361,7
10361,8
10361,9
10361,10
10362,1
10362,2
10362,3
10362,4
10362,5
10362,6
10362,7
10362,8
10362,9
10362,10
10364,1
10364,2
10364,3
10364,4
10364,5
10364,6
10364,7
10364,8
10364,9
10364,10
10365,1
10365,2
10365,3
10365,4
10365,5
10365,6
10365,7
10365,8
10365,9
10365,10
10366,1
10366,2
10366,3
10366,4
10366,5
10366,6
10366,7
10366,8
10366,9
10366,10
10367,1
10367,2
10367,3
10367,4
10367,5
10367,6
10367,7
10367,8
10367,9
10367,10
10368,1
10368,2
10368,3
10368,4
10368,5
10368,6
10368,7
10368,8
10368,9
10368,10
10369,1
10369,2
10369,3
10369,4
10369,5
10369,6
10369,7
10369,8
10369,9
10369,10
10370,1
10370,2
10370,3
10370,4
10370,5
10370,6
10370,7
10370,8
10370,9
10370,10
10371,1
10371,2
10371,3
10371,4
10371,5
10371,6
10371,7
10371,8
10371,9
10371,10
10372,1
10372,2
10372,3
10372,4
10372,5
10372,6
10372,7
10372,8
10372,9
10372,10
10373,1
10373,2
10373,3
10373,4
10373,5
10373,6
10373,7
10373,8
10373,9
10373,10
10374,1
10374,2
10374,3
10374,4
10374,5
10374,6
10374,7
10374,8
10374,9
10374,10
10375,1
10375,2
10375,3
10375,4
10375,5
10375,6
10375,7
10375,8
10375,9
10375,10
10376,1
10376,2
10376,3
10376,4
10376,5
10376,6
10376,7
10376,8
10376,9
10376,10
10377,1
10377,2
10377,3
10377,4
10377,5
10377,6
10377,7
10377,8
10377,9
10377,10
10378,1
10378,2
10378,3
10378,4
10378,5
10378,6
10378,7
10378,8
10378,9
10378,10
10379,1
10379,2
10379,3
10379,4
10379,5
10379,6
10379,7
10379,8
10379,9
10379,10
10380,1
10380,2
10380,3
10380,4
10380,5
10380,6
10380,7
10380,8
10380,9
10380,10
10381,1
10381,2
10381,3
10381,4
10381,5
10381,6
10381,7
10381,8
10381,9
10381,10
10382,1
10382,2
10382,3
10382,4
10382,5
10382,6
10382,7
10382,8
10382,9
10382,10
10383,1
10383,2
10383,3
10383,4
10383,5
10383,6
10383,7
10383,8
10383,9
10383,10
10384,1
10384,2
10384,3
10384,4
10384,5
10384,6
10384,7
10384,8
10384,9
10384,10
10385,1
10385,2
10385,3
10385,4
10385,5
10385,6
10385,7
10385,8
10385,9
10385,10
10386,1
10386,2
10386,3
10386,4
10386,5
10386,6
10386,7
10386,8
10386,9
10386,10
10387,1
10387,2
10387,3
10387,4
10387,5
10387,6
10387,7
10387,8
10387,9
10387,10
10388,1
10388,2
10388,3
10388,4
10388,5
10388,6
10388,7
10388,8
10388,9
10388,10
10389,1
10389,2
10389,3
10389,4
10389,5
10389,6
10389,7
10389,8
10389,9
10389,10
10390,1
10390,2
10390,3
10390,4
10390,5
10390,6
10390,7
10390,8
10390,9
10390,10
10391,1
10391,2
10391,3
10391,4
10391,5
10391,6
10391,7
10391,8
10391,9
10391,10
10392,1
10392,2
10392,3
10392,4
10392,5
10392,6
10392,7
10392,8
10392,9
10392,10
10393,1
10393,2
10393,3
10393,4
10393,5
10393,6
10393,7
10393,8
10393,9
10393,10
10394,1
10394,2
10394,3
10394,4
10394,5
10394,6
10394,7
10394,8
10394,9
10394,10
10395,1
10395,2
10395,3
10395,4
10395,5
10395,6
10395,7
10395,8
10395,9
10395,10
10396,1
10396,2
10396,3
10396,4
10396,5
10396,6
10396,7
10396,8
10396,9
10396,10
10397,1
10397,2
10397,3
10397,4
10397,5
10397,6
10397,7
10397,8
10397,9
10397,10
10398,1
10398,2
10398,3
10398,4
10398,5
10398,6
10398,7
10398,8
10398,9
10398,10
10399,1
10399,2
10399,3
10399,4
10399,5
10399,6
10399,7
10399,8
10399,9
10399,10
10400,1
10400,2
10400,3
10400,4
10400,5
10400,6
10400,7
10400,8
10400,9
10400,10
10401,1
10401,2
10401,3
10401,4
10401,5
10401,6
10401,7
10401,8
10401,9
10401,10
10402,1
10402,2
10402,3
10402,4
10402,5
10402,6
10402,7
10402,8
10402,9
10402,10
10403,1
10403,2
10403,3
10403,4
10403,5
10403,6
10403,7
10403,8
10403,9
10403,10
10404,1
10404,2
10404,3
10404,4
10404,5
10404,6
10404,7
10404,8
10404,9
10404,10
10405,1
10405,2
10405,3
10405,4
10405,5
10405,6
10405,7
10405,8
10405,9
10405,10
10406,1
10406,2
10406,3
10406,4
10406,5
10406,6
10406,7
10406,8
10406,9
10406,10
10407,1
10407,2
10407,3
10407,4
10407,5
10407,6
10407,7
10407,8
10407,9
10407,10
10408,1
10408,2
10408,3
10408,4
10408,5
10408,6
10408,7
10408,8
10408,9
10408,10
10409,1
10409,2
10409,3
10409,4
10409,5
10409,6
10409,7
10409,8
10409,9
10409,10
10410,1
10410,2
10410,3
10410,4
10410,5
10410,6
10410,7
10410,8
10410,9
10410,10
10411,1
10411,2
10411,3
10411,4
10411,5
10411,6
10411,7
10411,8
10411,9
10411,10
10412,1
10412,2
10412,3
10412,4
10412,5
10412,6
10412,7
10412,8
10412,9
10412,10
10413,1
10413,2
10413,3
10413,4
10413,5
10413,6
10413,7
10413,8
10413,9
10413,10
10414,1
10414,2
10414,3
10414,4
10414,5
10414,6
10414,7
10414,8
10414,9
10414,10
10415,1
10415,2
10415,3
10415,4
10415,5
10415,6
10415,7
10415,8
10415,9
10415,10
10416,1
10416,2
10416,3
10416,4
10416,5
10416,6
10416,7
10416,8
10416,9
10416,10
10417,1
10417,2
10417,3
10417,4
10417,5
10417,6
10417,7
10417,8
10417,9
10417,10
10418,1
10418,2
10418,3
10418,4
10418,5
10418,6
10418,7
10418,8
10418,9
10418,10
10419,1
10419,2
10419,3
10419,4
10419,5
10419,6
10419,7
10419,8
10419,9
10419,10
10420,1
10420,2
10420,3
10420,4
10420,5
10420,6
10420,7
10420,8
10420,9
10420,10
10421,1
10421,2
10421,3
10421,4
10421,5
10421,6
10421,7
10421,8
10421,9
10421,10
10422,1
10422,2
10422,3
10422,4
10422,5
10422,6
10422,7
10422,8
10422,9
10422,10
10423,1
10423,2
10423,3
10423,4
10423,5
10423,6
10423,7
10423,8
10423,9
10423,10
10424,1
10424,2
10424,3
10424,4
10424,5
10424,6
10424,7
10424,8
10424,9
10424,10
10425,1
10425,2
10425,3
10425,4
10425,5
10425,6
10425,7
10425,8
10425,9
10425,10
10426,1
10426,2
10426,3
10426,4
10426,5
10426,6
10426,7
10426,8
10426,9
10426,10
10427,1
10427,2
10427,3
10427,4
10427,5
10427,6
10427,7
10427,8
10427,9
10427,10
10428,1
10428,2
10428,3
10428,4
10428,5
10428,6
10428,7
10428,8
10428,9
10428,10
10429,1
10429,2
10429,3
10429,4
10429,5
10429,6
10429,7
10429,8
10429,9
10429,10
10430,1
10430,2
10430,3
10430,4
10430,5
10430,6
10430,7
10430,8
10430,9
10430,10
10431,1
10431,2
10431,3
10431,4
10431,5
10431,6
10431,7
10431,8
10431,9
10431,10
10432,1
10432,2
10432,3
10432,4
10432,5
10432,6
10432,7
10432,8
10432,9
10432,10
10433,1
10433,2
10433,3
10433,4
10433,5
10433,6
10433,7
10433,8
10433,9
10433,10
10434,1
10434,2
10434,3
10434,4
10434,5
10434,6
10434,7
10434,8
10434,9
10434,10
10435,1
10435,2
10435,3
10435,4
10435,5
10435,6
10435,7
10435,8
10435,9
10435,10
10436,1
10436,2
10436,3
10436,4
10436,5
10436,6
10436,7
10436,8
10436,9
10436,10
10437,1
10437,2
10437,3
10437,4
10437,5
10437,6
10437,7
10437,8
10437,9
10437,10
10438,1
10438,2
10438,3
10438,4
10438,5
10438,6
10438,7
10438,8
10438,9
10438,10
10439,1
10439,2
10439,3
10439,4
10439,5
10439,6
10439,7
10439,8
10439,9
10439,10
10440,1
10440,2
10440,3
10440,4
10440,5
10440,6
10440,7
10440,8
10440,9
10440,10
10441,1
10441,2
10441,3
10441,4
10441,5
10441,6
10441,7
10441,8
10441,9
10441,10
10442,1
10442,2
10442,3
10442,4
10442,5
10442,6
10442,7
10442,8
10442,9
10442,10
10443,1
10443,2
10443,3
10443,4
10443,5
10443,6
10443,7
10443,8
10443,9
10443,10
10444,1
10444,2
10444,3
10444,4
10444,5
10444,6
10444,7
10444,8
10444,9
10444,10
10445,1
10445,2
10445,3
10445,4
10445,5
10445,6
10445,7
10445,8
10445,9
10445,10
10446,1
10446,2
10446,3
10446,4
10446,5
10446,6
10446,7
10446,8
10446,9
10446,10
10447,1
10447,2
10447,3
10447,4
10447,5
10447,6
10447,7
10447,8
10447,9
10447,10
10448,1
10448,2
10448,3
10448,4
10448,5
10448,6
10448,7
10448,8
10448,9
10448,10
10449,1
10449,2
10449,3
10449,4
10449,5
10449,6
10449,7
10449,8
10449,9
10449,10
10450,1
10450,2
10450,3
10450,4
10450,5
10450,6
10450,7
10450,8
10450,9
10450,10
10451,1
10451,2
10451,3
10451,4
10451,5
10451,6
10451,7
10451,8
10451,9
10451,10
10452,1
10452,2
10452,3
10452,4
10452,5
10452,6
10452,7
10452,8
10452,9
10452,10
10453,1
10453,2
10453,3
10453,4
10453,5
10453,6
10453,7
10453,8
10453,9
10453,10
10454,1
10454,2
10454,3
10454,4
10454,5
10454,6
10454,7
10454,8
10454,9
10454,10
10455,1
10455,2
10455,3
10455,4
10455,5
10455,6
10455,7
10455,8
10455,9
10455,10
10457,1
10457,2
10457,3
10457,4
10457,5
10457,6
10457,7
10457,8
10457,9
10457,10
10458,1
10458,2
10458,3
10458,4
10458,5
10458,6
10458,7
10458,8
10458,9
10458,10
10459,1
10459,2
10459,3
10459,4
10459,5
10459,6
10459,7
10459,8
10459,9
10459,10
10460,1
10460,2
10460,3
10460,4
10460,5
10460,6
10460,7
10460,8
10460,9
10460,10
10461,1
10461,2
10461,3
10461,4
10461,5
10461,6
10461,7
10461,8
10461,9
10461,10
10462,1
10462,2
10462,3
10462,4
10462,5
10462,6
10462,7
10462,8
10462,9
10462,10
10463,1
10463,2
10463,3
10463,4
10463,5
10463,6
10463,7
10463,8
10463,9
10463,10
10464,1
10464,2
10464,3
10464,4
10464,5
10464,6
10464,7
10464,8
10464,9
10464,10
10465,1
10465,2
10465,3
10465,4
10465,5
10465,6
10465,7
10465,8
10465,9
10465,10
10466,1
10466,2
10466,3
10466,4
10466,5
10466,6
10466,7
10466,8
10466,9
10466,10
10467,1
10467,2
10467,3
10467,4
10467,5
10467,6
10467,7
10467,8
10467,9
10467,10
10468,1
10468,2
10468,3
10468,4
10468,5
10468,6
10468,7
10468,8
10468,9
10468,10
10469,1
10469,2
10469,3
10469,4
10469,5
10469,6
10469,7
10469,8
10470,1
10470,2
10470,3
10470,4
10470,5
10470,6
10470,7
10470,8
10470,9
10470,10
10471,1
10471,2
10471,3
10471,4
10471,5
10471,6
10471,7
10471,8
10471,9
10471,10
10472,1
10472,2
10472,3
10472,4
10472,5
10472,6
10472,7
10472,8
10472,9
10472,10
10473,1
10473,2
10473,3
10473,4
10473,5
10473,6
10473,7
10473,8
10473,9
10473,10
10474,1
10474,2
10474,3
10474,4
10474,5
10474,6
10474,7
10474,8
10474,9
10474,10
10475,1
10475,2
10475,3
10475,4
10475,5
10475,6
10475,7
10475,8
10475,9
10475,10
10476,1
10476,2
10476,3
10476,4
10476,5
10476,6
10476,7
10476,8
10476,9
10476,10
10477,1
10477,2
10477,3
10477,4
10477,5
10477,6
10477,7
10477,8
10477,9
10477,10
10478,1
10478,2
10478,3
10478,4
10478,5
10478,6
10478,7
10478,8
10478,9
10478,10
10479,1
10479,2
10479,3
10479,4
10479,5
10479,6
10479,7
10479,8
10479,9
10479,10
10480,1
10480,2
10480,3
10480,4
10480,5
10480,6
10480,7
10480,8
10480,9
10480,10
10481,1
10481,2
10481,3
10481,4
10481,5
10481,6
10481,7
10481,8
10481,9
10481,10
10482,1
10482,2
10482,3
10482,4
10482,5
10482,6
10482,7
10482,8
10482,9
10482,10
10483,1
10483,2
10483,3
10483,4
10483,5
10483,6
10483,7
10483,8
10483,9
10483,10
10484,1
10484,2
10484,3
10484,4
10484,5
10484,6
10484,7
10484,8
10484,9
10484,10
10485,1
10485,2
10485,3
10485,4
10485,5
10485,6
10485,7
10485,8
10485,9
10485,10
10486,1
10486,2
10486,3
10486,4
10486,5
10486,6
10486,7
10486,8
10486,9
10486,10
10487,1
10487,2
10487,3
10487,4
10487,5
10487,6
10487,7
10487,8
10487,9
10487,10
10488,1
10488,2
10488,3
10488,4
10488,5
10488,6
10488,7
10488,8
10488,9
10488,10
10489,1
10489,2
10489,3
10489,4
10489,5
10489,6
10489,7
10489,8
10489,9
10489,10
10490,1
10490,2
10490,3
10490,4
10490,5
10490,6
10490,7
10490,8
10490,9
10490,10
10491,1
10491,2
10491,3
10491,4
10491,5
10491,6
10491,7
10491,8
10491,9
10491,10
10492,1
10492,2
10492,3
10492,4
10492,5
10492,6
10492,7
10492,8
10492,9
10492,10
10493,1
10493,2
10493,3
10493,4
10493,5
10493,6
10493,7
10493,8
10493,9
10493,10
10495,1
10495,2
10495,3
10495,4
10495,5
10495,6
10495,7
10495,8
10495,9
10495,10
10496,1
10496,2
10496,3
10496,4
10496,5
10496,6
10496,7
10496,8
10496,9
10496,10
10497,1
10497,2
10497,3
10497,4
10497,5
10497,6
10497,7
10497,8
10497,9
10497,10
10498,1
10498,2
10498,3
10498,4
10498,5
10498,6
10498,7
10498,8
10498,9
10498,10
10499,1
10499,2
10499,3
10499,4
10499,5
10499,6
10499,7
10499,8
10499,9
10499,10
10500,1
10500,2
10500,3
10500,4
10500,5
10500,6
10500,7
10500,8
10500,9
10500,10
10502,1
10502,2
10502,3
10502,4
10502,5
10502,6
10502,7
10502,8
10502,9
10502,10
10503,1
10503,2
10503,3
10503,4
10503,5
10503,6
10503,7
10503,8
10503,9
10503,10
10504,1
10504,2
10504,3
10504,4
10504,5
10504,6
10504,7
10504,8
10504,9
10504,10
10505,1
10505,2
10505,3
10505,4
10505,5
10505,6
10505,7
10505,8
10505,9
10505,10
10506,1
10506,2
10506,3
10506,4
10506,5
10506,6
10506,7
10506,8
10506,9
10506,10
10507,1
10507,2
10507,3
10507,4
10507,5
10507,6
10507,7
10507,8
10507,9
10507,10
10508,1
10508,2
10508,3
10508,4
10508,5
10508,6
10508,7
10508,8
10508,9
10508,10
10509,1
10509,2
10509,3
10509,4
10509,5
10509,6
10509,7
10509,8
10509,9
10509,10
10510,1
10510,2
10510,3
10510,4
10510,5
10510,6
10510,7
10510,8
10510,9
10510,10
10511,1
10511,2
10511,3
10511,4
10511,5
10511,6
10511,7
10511,8
10511,9
10511,10
10512,1
10512,2
10512,3
10512,4
10512,5
10512,6
10512,7
10512,8
10512,9
10512,10
10513,1
10513,2
10513,3
10513,4
10513,5
10513,6
10513,7
10513,8
10513,9
10513,10
10514,1
10514,2
10514,3
10514,4
10514,5
10514,6
10514,7
10514,8
10514,9
10514,10
10515,1
10515,2
10515,3
10515,4
10515,5
10515,6
10515,7
10515,8
10515,9
10515,10
10516,1
10516,2
10516,3
10516,4
10516,5
10516,6
10516,7
10516,8
10516,9
10516,10
10518,1
10518,2
10518,3
10518,4
10518,5
10518,6
10518,7
10518,8
10518,9
10518,10
10519,1
10519,2
10519,3
10519,4
10519,5
10519,6
10519,7
10519,8
10519,9
10519,10
10520,1
10520,2
10520,3
10520,4
10520,5
10520,6
10520,7
10520,8
10520,9
10520,10
10521,1
10521,2
10521,3
10521,4
10521,5
10521,6
10521,7
10521,8
10521,9
10521,10
10522,1
10522,2
10522,3
10522,4
10522,5
10522,6
10522,7
10522,8
10522,9
10522,10
10523,1
10523,2
10523,3
10523,4
10523,5
10523,6
10523,7
10523,8
10523,9
10523,10
10524,1
10524,2
10524,3
10524,4
10524,5
10524,6
10524,7
10524,8
10524,9
10524,10
10525,1
10525,2
10525,3
10525,4
10525,5
10525,6
10525,7
10525,8
10525,9
10525,10
10526,1
10526,2
10526,3
10526,4
10526,5
10526,6
10526,7
10526,8
10526,9
10526,10
10527,1
10527,2
10527,3
10527,4
10527,5
10527,6
10527,7
10527,8
10527,9
10527,10
10528,1
10528,2
10528,3
10528,4
10528,5
10528,6
10528,7
10528,8
10528,9
10528,10
10529,1
10529,2
10529,3
10529,4
10529,5
10529,6
10529,7
10529,8
10529,9
10529,10
10530,1
10530,2
10530,3
10530,4
10530,5
10530,6
10530,7
10530,8
10530,9
10530,10
10531,1
10531,2
10531,3
10531,4
10531,5
10531,6
10531,7
10531,8
10531,9
10531,10
10532,1
10532,2
10532,3
10532,4
10532,5
10532,6
10532,7
10532,8
10532,9
10532,10